year,spend_musd,main_miles,services,source_text,spend_per_mile_musd,cum_spend_busd,cum_miles,source
2015,291.6,221.24,11119,"2015 GSEPs: $291.6 million expended to replace 221.24 miles of leak-prone mains and 11,119 leak-prone services",1.3180256734767675,0.2916,221.24,"DPU Report to the Legislature on Natural Gas Leaks, D.P.U. 25-GLR-01 (Dec 31, 2025)"
2016,356.0,250.0,16804,"2016 GSEPs: $356 million expended to replace 250 miles of leak-prone mains and 16,804 leak-prone services",1.424,0.6476000000000001,471.24,"DPU Report to the Legislature on Natural Gas Leaks, D.P.U. 25-GLR-01 (Dec 31, 2025)"
2017,416.7,280.3,18708,"2017 GSEPs: $416.7 million expended to replace 280.3 miles of leak-prone mains and 18,708 leak-prone services",1.4866214769889403,1.0643,751.54,"DPU Report to the Legislature on Natural Gas Leaks, D.P.U. 25-GLR-01 (Dec 31, 2025)"
2018,287.2,165.4,11337,"2018 GSEPs: $287.2 million expended to replace 165.4 miles of leak-prone mains and 11,337 leak-prone services",1.73639661426844,1.3515,916.9399999999999,"DPU Report to the Legislature on Natural Gas Leaks, D.P.U. 25-GLR-01 (Dec 31, 2025)"
2019,418.5,214.89,13995,"2019 GSEPs: $418.5 million to replace 214.89 miles of leak-prone mains and 13,995 leak-prone services",1.947508027362837,1.77,1131.83,"DPU Report to the Legislature on Natural Gas Leaks, D.P.U. 25-GLR-01 (Dec 31, 2025)"
2020,506.6,213.55,14287,"2020 GSEPs: $506.6 million expended to replace 213.55 miles of leak-prone mains and 14,287 leak-prone services",2.3722781549988294,2.2765999999999997,1345.3799999999999,"DPU Report to the Legislature on Natural Gas Leaks, D.P.U. 25-GLR-01 (Dec 31, 2025)"
2021,510.9,255.3,17619,"2021 GSEPs: $510.9 million expended to replace 255.3 miles of leak-prone mains and 17,619 leak-prone services",2.0011750881316095,2.7875,1600.6799999999998,"DPU Report to the Legislature on Natural Gas Leaks, D.P.U. 25-GLR-01 (Dec 31, 2025)"
2022,561.1,275.89,17598,"2022 GSEPs: $561.1 million expended to replace 275.89 miles of leak-prone mains and 17,598 leak-prone services",2.0337815796150642,3.3486,1876.5699999999997,"DPU Report to the Legislature on Natural Gas Leaks, D.P.U. 25-GLR-01 (Dec 31, 2025)"
2023,583.7,268.5,16519,"2023 GSEPs: $583.7 million expended to replace 268.5 miles of leak-prone mains and 16,519 leak-prone services",2.173929236499069,3.9323,2145.0699999999997,"DPU Report to the Legislature on Natural Gas Leaks, D.P.U. 25-GLR-01 (Dec 31, 2025)"
2024,814.4,266.1,16486,"2024 GSEPs: $814.4 million expended to replace 266.1 miles of leak-prone mains and 16,486 leak-prone services",3.0605035700864334,4.7467,2411.1699999999996,"DPU Report to the Legislature on Natural Gas Leaks, D.P.U. 25-GLR-01 (Dec 31, 2025)"
