NBHD_L,Street miles,Pre-1940 streets %,Gas heat share %,EJ streets %,Housing units per mile,Electrification-screen miles
HARBOR ISLANDS,2.9,100.0,61.3,0.0,0.0,0.0
EAST BOSTON,57.4,87.1,66.5,95.3,255.1,3.3
BOSTON,127.9,84.2,40.0,71.0,311.1,8.1
JAMAICA PLAIN,72.9,83.9,61.3,76.0,189.7,10.9
DORCHESTER,192.8,83.0,65.9,93.9,219.4,18.3
CHARLESTOWN,31.6,79.1,53.4,50.5,194.4,1.9
ROSLINDALE,61.3,78.9,72.4,91.2,171.3,6.3
SOUTH BOSTON,74.3,76.4,57.0,17.8,225.7,2.4
ROXBURY,95.0,74.0,59.1,98.7,151.5,6.4
BRIGHTON,101.6,73.1,56.8,90.3,215.1,8.8
MATTAPAN,40.3,68.0,64.8,97.2,157.8,3.1
WEST ROXBURY,94.3,59.1,68.5,41.6,121.4,18.7
HYDE PARK,79.4,52.7,68.9,97.1,137.7,8.5
